mjd,mag,mag_err,UL,filter,detected
58290.47,21.46,,True,r,0
58293.46,21.85,,True,r,0
58296.36,20.46,,True,r,0
58296.58263,18.9219,,True,orange,0
58297.602891,19.2336,,True,orange,0
58299.62602,17.8974,,True,orange,0
58300.44,20.82,,True,r,0
58303.46,20.94,,True,r,0
58303.619441,18.2925,,True,orange,0
58307.625899,18.1663,,True,cyan,0
58311.621478,19.5879,,True,cyan,0
58313.4,21.66,,True,r,0
58313.607237,19.4497,,True,orange,0
58315.614099,20.1238,,True,cyan,0
58316.42,21.42,,True,g,0
58316.599228,19.7964,,True,orange,0
58319.42,21.71,,True,g,0
58319.44,21.91,,True,r,0
58319.597023,19.9994,,True,orange,0
58321.588298,20.0338,,True,orange,0
58322.4,21.59,,True,r,0
58322.42,21.87,,True,g,0
58322.595796,20.0696,,True,orange,0
58323.584758,19.1511,,True,orange,0
58324.540843,19.8736,,True,orange,0
58325.47,20.87,,True,r,0
58325.577985,19.2774,,True,orange,0
58326.49533,18.6638,,True,orange,0
58327.536074,19.244,,True,orange,0
58328.41,19.83,,True,r,0
58328.44,19.72,,True,g,0
58329.571885,18.9059,,True,orange,0
58333.565534,19.8448,,True,orange,0
58334.33,21.08,,True,g,0
58335.58792,20.2671,,True,cyan,0
58337.35,21.17,0.26,False,r,1
58337.568469,19.6797,,True,orange,0
58339.558657,19.1288,,True,cyan,0
58340.34,20.61,,True,g,0
58341.542145,19.5387,,True,orange,0
58342.560284,20.0478,,True,cyan,0
58343.35,20.95,0.16,False,r,1
58343.555713,19.9801,,True,cyan,0
58344.548124,19.3052,,True,orange,0
58346.35,20.93,0.19,False,g,1
58346.38,20.84,0.14,False,r,1
58348.521376,19.5541,,True,orange,0
58349.31,20.57,0.13,False,r,1
58349.36,20.69,0.16,False,g,1
58350.551336,18.9784,,True,orange,0
58351.523986,19.8904,,True,orange,0
58352.31,20.4,0.17,False,r,1
58352.38,20.21,0.14,False,g,1
58352.38,20.32,0.16,False,g,1
58355.29,20.09,0.2,False,r,1
58355.42,20.54,,True,r,0
58358.27,19.93,0.19,False,r,1
58361.31,20.13,0.13,False,r,1
58361.38,19.87,0.14,False,g,1
58361.499731,19.2819,,True,orange,0
58362.27,20.11,0.12,False,g,1
58365.3,19.97,0.08,False,g,1
58365.31,19.97,0.07,False,g,1
58365.34,20.0,0.08,False,r,1
58365.488211,19.3385,,True,orange,0
58367.491223,19.8139,0.2817,False,orange,1
58368.27,19.82,0.07,False,g,1
58368.3,19.84,0.07,False,r,1
58368.36,19.91,0.08,False,g,1
58369.31,19.87,0.07,False,g,1
58369.479568,19.2568,,True,orange,0
58371.25,19.85,0.06,False,g,1
58371.34,19.79,0.06,False,g,1
58371.474678,19.2871,,True,orange,0
58374.27,19.91,0.08,False,g,1
58374.28,19.69,0.07,False,g,1
58374.32,19.75,0.08,False,r,1
58375.494792,18.9504,,True,cyan,0
58376.454052,19.8741,0.3038,False,orange,1
58377.25,19.69,0.07,False,g,1
58377.25,19.71,0.07,False,g,1
58377.29,19.67,0.06,False,r,1
58377.452604,19.2716,,True,orange,0
58379.28,19.75,0.08,False,r,1
58379.455262,19.5932,0.2314,False,orange,1
58380.3,19.55,0.07,False,r,1
58380.32,19.63,0.08,False,r,1
58380.35,19.6,0.06,False,g,1
58382.27,19.55,0.12,False,g,1
58382.27,20.06,0.26,False,i,1
58383.23,19.6,0.18,False,g,1
58383.25,19.86,0.22,False,g,1
58383.3,19.73,0.16,False,r,1
58383.459618,19.2252,0.2705,False,orange,1
58384.33,19.55,0.2,False,g,1
58386.18,19.66,0.21,False,g,1
58386.28,19.51,0.15,False,r,1
58387.37,20.11,,True,i,0
58387.431178,19.574,0.2697,False,orange,1
58389.2,19.48,0.11,False,g,1
58389.21,19.51,0.1,False,g,1
58389.26,19.63,0.09,False,r,1
58389.3,19.55,0.1,False,r,1
58389.42562,19.3756,0.2633,False,orange,1
58391.415769,19.4741,0.2319,False,orange,1
58393.421461,19.7798,0.3096,False,orange,1
58395.444576,19.83,0.2916,False,cyan,1
58396.414927,19.6044,0.2861,False,orange,1
58397.31,19.8,0.13,False,i,1
58397.33,19.88,0.15,False,i,1
58397.413482,19.6828,0.2084,False,orange,1
58400.23,19.48,0.06,False,r,1
58400.23,19.53,0.06,False,r,1
58400.25,19.47,0.06,False,g,1
58401.422085,19.5461,0.2462,False,orange,1
58403.43504,19.5369,0.1735,False,cyan,1
58407.387714,19.1038,,True,orange,0
58407.89,19.48,0.05,False,g,1
58407.89,19.52,0.07,False,r,1
58407.89,19.61,0.09,False,i,1
58409.383844,19.5257,0.2034,False,orange,1
58413.366381,18.3607,,True,orange,0
58415.425778,18.6091,,True,orange,0
58416.405479,19.0338,,True,orange,0
58417.09,19.54,0.04,False,r,1
58417.1,19.47,0.04,False,r,1
58417.1,19.48,0.05,False,g,1
58417.1,19.56,0.05,False,i,1
58417.11,19.51,0.05,False,g,1
58417.11,19.6,0.05,False,i,1
58417.340869,18.8429,,True,orange,0
58422.3,19.94,,True,i,0
58423.14,19.51,0.09,False,r,1
58423.350581,19.8586,0.2975,False,orange,1
58426.15,19.46,0.12,False,r,1
58426.19,19.69,0.09,False,g,1
58426.21,19.37,0.09,False,g,1
58427.363165,19.2381,,True,cyan,0
58429.13,19.44,0.07,False,r,1
58429.15,19.38,0.04,False,r,1
58429.19,19.42,0.05,False,g,1
58429.21,19.51,0.06,False,g,1
58430.22,19.79,0.18,False,i,1
58430.22,20.71,,True,i,0
58431.365973,19.2987,0.1208,False,cyan,1
58432.13,19.54,0.09,False,r,1
58433.12,19.48,0.06,False,r,1
58433.17,19.39,0.1,False,g,1
58433.318382,18.7256,,True,orange,0
58434.22,19.59,0.21,False,i,1
58434.22,19.65,0.17,False,i,1
58435.16,19.38,0.08,False,g,1
58435.368916,18.4072,,True,cyan,0
58436.12,19.38,0.22,False,r,1
58436.16,19.47,0.1,False,g,1
58437.310633,18.7489,,True,orange,0
58441.24,19.58,0.21,False,g,1
58444.315819,19.0335,,True,orange,0
58445.319456,18.2154,,True,orange,0
58447.82,19.45,0.06,False,r,1
58447.82,19.49,0.04,False,g,1
58447.82,19.61,0.08,False,i,1
58447.82,19.75,0.11,False,z,1
58449.286257,19.4531,0.2196,False,orange,1
58451.288066,19.4465,0.1995,False,orange,1
58453.290375,19.4867,0.2298,False,orange,1
58454.24474,19.2698,0.1432,False,cyan,1
58455.296675,19.3567,0.1491,False,cyan,1
58456.13,19.46,0.08,False,r,1
58456.16,19.57,0.13,False,r,1
58456.8,19.48,0.06,False,g,1
58456.8,19.6,0.1,False,i,1
58456.8,19.44,0.07,False,r,1
58456.81,19.7,0.13,False,z,1
58459.292196,19.2713,0.1248,False,cyan,1
58461.214883,19.7281,0.2868,False,orange,1
58465.207433,19.4574,0.256,False,orange,1
58467.203285,19.5619,0.2722,False,orange,1
58469.11,19.88,0.13,False,g,1
58469.14,19.68,0.16,False,g,1
58472.09,19.65,0.12,False,r,1
58472.13,19.45,0.16,False,g,1
58472.15,19.94,,True,g,0
58473.214143,18.9057,,True,orange,0
58474.205612,18.7932,,True,orange,0
58475.14,19.63,0.17,False,r,1
58479.238299,19.6455,0.2513,False,orange,1
58482.1,19.57,0.13,False,r,1
58482.1,19.81,0.16,False,r,1
58482.11,19.87,0.15,False,g,1
58483.250348,17.3863,,True,orange,0
58485.258737,19.6076,0.3171,False,orange,1
58487.239417,19.5608,0.1343,False,cyan,1
58491.236133,19.5022,0.1271,False,cyan,1
58503.09,19.52,,True,r,0
58503.09,19.7,,True,r,0
58503.1,19.58,,True,r,0
58510.1,19.66,,True,r,0
58510.1,19.85,,True,r,0
58511.09,19.93,,True,r,0
58511.1,20.14,,True,r,0
58511.1,20.18,,True,r,0
58511.11,19.61,,True,r,0
58514.1,19.6,0.13,False,r,1
58514.1,19.71,0.14,False,r,1
58514.11,19.71,0.16,False,r,1
58582.51,20.15,,True,r,0
58582.52,20.44,,True,r,0
58588.5,20.79,,True,r,0
58588.51,20.04,,True,r,0
58588.51,20.39,,True,r,0
58597.49,20.65,,True,r,0
58597.5,20.56,,True,r,0
58597.5,20.58,,True,r,0
58609.21,20.67,0.1,False,r,1
58613.58734,19.621,,True,orange,0
58617.618147,19.1609,,True,orange,0
58621.618026,18.2792,,True,orange,0
58639.48,20.84,,True,i,0
58640.18,20.85,0.11,False,r,1
58640.18,20.88,0.13,False,i,1
58640.18,21.17,0.13,False,g,1
58667.39,21.28,0.1,False,g,1
58667.4,21.01,0.11,False,r,1
58668.48,20.8,,True,i,0
58668.48,20.82,,True,i,0
58676.45,20.87,,True,i,0
58676.45,20.87,,True,i,0
